	date_and_time	time	left_eye_EAR	right_eye_EAR	AVERAGE_EAR	LAR	ANGLE
0	2018-03-25 18:55:20 604000	18:55	0.31622776601683794	0.35179877236514595	0.33401326919099195	0.27418597733328015	-7.969610394321364
1	2018-03-25 18:55:20 720000	18:55	0.3007732496038529	0.2996257016633534	0.30019947563360316	0.2940207392348013	-6.842773412630947
2	2018-03-25 18:55:20 814000	18:55	0.274115984800681	0.30262874684312724	0.2883723658219041	0.29095646724280483	-7.815293546766867
3	2018-03-25 18:55:20 909000	18:55	0.2842923630688184	0.30064006702429674	0.29246621504655756	0.35050932946772373	-8.530765609948133
4	2018-03-25 18:55:21 016000	18:55	0.29065658392992416	0.3351155373249634	0.3128860606274438	0.3273641740543547	-7.2750049578892515
5	2018-03-25 18:55:21 109000	18:55	0.2650854018430103	0.29264061094811233	0.27886300639556133	0.31198901555051656	-8.297144969836864
6	2018-03-25 18:55:21 205000	18:55	0.2811306984328539	0.32515496471407135	0.3031428315734626	0.31198901555051656	-6.842773412630947
7	2018-03-25 18:55:21 299000	18:55	0.2764517688263447	0.3016921834310232	0.28907197612868396	0.2956949100060299	-4.4846060095446205
8	2018-03-25 18:55:21 400000	18:55	0.27653315937748607	0.25460333819405395	0.26556824878577	0.3337263624417497	-8.841814560191665
9	2018-03-25 18:55:21 506000	18:55	0.29264061094811233	0.3197029007553438	0.30617175585172807	0.30880479429556806	-4.96974072811031
10	2018-03-25 18:55:21 614000	18:55	0.2767114301352826	0.2978879006693419	0.2872996654023122	0.35430004736187387	-7.94347181059041
11	2018-03-25 18:55:21 724000	18:55	0.25120465266771475	0.2693811516220012	0.260292902144858	0.30991439601148824	-6.340191745909891
12	2018-03-25 18:55:21 831000	18:55	0.24087440257466058	0.28964222318174615	0.26525831287820334	0.31649951358264544	-6.48307369289725
13	2018-03-25 18:55:21 938000	18:55	0.2628928070266437	0.2671116827781183	0.265002244902381	0.34353530738480154	-6.48307369289725
14	2018-03-25 18:55:22 032000	18:55	0.2693811516220012	0.2949955097939174	0.28218833070795935	0.3262882556577649	-6.48307369289725
15	2018-03-25 18:55:22 124000	18:55	0.2055270768301462	0.20447218324294508	0.20499963003654564	0.34419531818996757	-3.990913098429786
16	2018-03-25 18:55:22 220000	18:55	0.2139062186164015	0.21280831802947608	0.21335726832293878	0.3264581128607645	-3.900493742381883
17	2018-03-25 18:55:22 315000	18:55	0.3351155373249634	0.30738052751370193	0.32124803241933264	0.333915732852824	-3.900493742381883
18	2018-03-25 18:55:22 406000	18:55	0.3328201177351375	0.3547621232692877	0.3437911205022126	0.34384026559217074	-3.814074834290352
19	2018-03-25 18:55:22 535000	18:55	0.2773500981126146	0.29361010975735174	0.28548010393498313	0.3260215951768338	-5.079607860014562
20	2018-03-25 18:55:22 641000	18:55	0.25617014275584565	0.2707709174319611	0.26347053009390337	0.3253819784072664	-5.079607860014562
21	2018-03-25 18:55:22 769000	18:55	0.2999423243289873	0.292103118918493	0.29602272162374016	0.32395726516746437	-5.194428907734789
22	2018-03-25 18:55:22 898000	18:55	0.26715641180702626	0.27947416275884407	0.2733152872829352	0.34353530738480154	-5.194428907734789
23	2018-03-25 18:55:23 009000	18:55	0.2949955097939174	0.2828954962257003	0.28894550300980887	0.33507590245042695	-5.194428907734789
24	2018-03-25 18:55:23 137000	18:55	0.24951314462072213	0.23727844885472751	0.24339579673772482	0.30610243030450723	-5.079607860014562
25	2018-03-25 18:55:23 265000	18:55	0.29361010975735174	0.31323027878410764	0.3034201942707297	0.3263045677129316	-6.48307369289725
26	2018-03-25 18:55:23 394000	18:55	0.24951314462072213	0.2557041559783794	0.25260865029955076	0.34280668363604294	-5.079607860014562
27	2018-03-25 18:55:23 508000	18:55	0.24951314462072213	0.2317137785453969	0.24061346158305952	0.33346571330672814	-6.340191745909891
28	2018-03-25 18:55:23 636000	18:55	0.23850259343081628	0.2352794372544048	0.23689101534261053	0.32455867188311766	-6.48307369289725
29	2018-03-25 18:55:23 761000	18:55	0.23488808780588138	0.2532803652007522	0.2440842265033168	0.34389357093886014	-6.48307369289725
30	2018-03-25 18:55:23 873000	18:55	0.23488808780588138	0.2487594069171465	0.24182374736151396	0.34117887765556687	-6.48307369289725
31	2018-03-25 18:55:24 001000	18:55	0.29942473580817114	0.31323027878410764	0.3063275072961394	0.3344568351271982	-6.48307369289725
32	2018-03-25 18:55:24 128000	18:55	0.26424909878161656	0.24087440257466058	0.2525617506781386	0.34230745149006675	-5.194428907734789
33	2018-03-25 18:55:24 260000	18:55	0.29942473580817114	0.2978879006693419	0.2986563182387565	0.3320056047318965	-6.48307369289725
34	2018-03-25 18:55:24 373000	18:55	0.24211709905575113	0.2336824951347944	0.23789979709527276	0.33335087904902516	-5.194428907734789
35	2018-03-25 18:55:24 499000	18:55	0.23488808780588138	0.2606780008635715	0.24778304433472645	0.3420926930070513	-5.314545669944749
36	2018-03-25 18:55:24 625000	18:55	0.2800964052936168	0.2336824951347944	0.2568894502142056	0.3344568351271982	-6.48307369289725
37	2018-03-25 18:55:24 740000	18:55	0.2683266360475783	0.2532803652007522	0.26080350062416524	0.3344568351271982	-6.48307369289725
38	2018-03-25 18:55:24 869000	18:55	0.3125	0.31323027878410764	0.31286513939205385	0.3330555124223695	-6.340191745909891
39	2018-03-25 18:55:24 994000	18:55	0.24951314462072213	0.2336824951347944	0.24159781987775825	0.32499808718435874	-5.194428907734789
40	2018-03-25 18:55:25 109000	18:55	0.24211709905575113	0.2336824951347944	0.23789979709527276	0.32523134849954277	-5.194428907734789
41	2018-03-25 18:55:25 235000	18:55	0.29361010975735174	0.26354602406911043	0.27857806691323106	0.32523134849954277	-6.6325146151384615
42	2018-03-25 18:55:25 361000	18:55	0.2647058823529412	0.2336824951347944	0.24919418874386778	0.3343374647173105	-5.194428907734789
43	2018-03-25 18:55:25 493000	18:55	0.29411764705882354	0.24087440257466058	0.26749602481674206	0.3344077862072473	-5.194428907734789
44	2018-03-25 18:55:25 607000	18:55	0.23529411764705882	0.28214861759762744	0.2587213676223431	0.32499119285999345	-3.900493742381883
45	2018-03-25 18:55:25 743000	18:55	0.26786360440655144	0.2606780008635715	0.2642708026350615	0.3340534144396029	-5.194428907734789
46	2018-03-25 18:55:25 866000	18:55	0.26424909878161656	0.2336824951347944	0.24896579695820548	0.3420926930070513	-3.900493742381883
47	2018-03-25 18:55:25 980000	18:55	0.2538470508005519	0.24806946917841693	0.2509582599894844	0.3517964671952263	-3.900493742381883
48	2018-03-25 18:55:26 107000	18:55	0.23891487134169592	0.2693811516220012	0.25414801148184857	0.33335087904902516	-3.900493742381883
49	2018-03-25 18:55:26 236000	18:55	0.29702998569390543	0.2628928070266437	0.27996139636027456	0.3437342179095907	-5.079607860014562
50	2018-03-25 18:55:26 355000	18:55	0.2647058823529412	0.24087440257466058	0.2527901424638009	0.3627430567692626	-5.079607860014562
51	2018-03-25 18:55:26 464000	18:55	0.23488808780588138	0.24087440257466058	0.23788124519027098	0.35999610775213503	-5.194428907734789
52	2018-03-25 18:55:26 595000	18:55	0.25	0.20447218324294508	0.22723609162147254	0.3815457977959175	-3.990913098429786
53	2018-03-25 18:55:26 721000	18:55	0.23488808780588138	0.20447218324294508	0.21968013552441323	0.3427499322162372	-3.900493742381883
54	2018-03-25 18:55:26 833000	18:55	0.2538470508005519	0.2557041559783794	0.2547756033894657	0.3335250885234933	-3.900493742381883
55	2018-03-25 18:55:26 962000	18:55	0.23488808780588138	0.2336824951347944	0.2342852914703379	0.3339624568129347	-2.602562202499797
56	2018-03-25 18:55:27 092000	18:55	0.25335270359176765	0.23727844885472751	0.24531557622324757	0.35163988288886083	-3.814074834290352
57	2018-03-25 18:55:27 203000	18:55	0.23488808780588138	0.2336824951347944	0.2342852914703379	0.33312959485555355	-2.6630007660671424
58	2018-03-25 18:55:27 329000	18:55	0.23488808780588138	0.2139062186164015	0.22439715321114145	0.3519053138982574	-5.194428907734789
59	2018-03-25 18:55:27 456000	18:55	0.2571922625628131	0.2832553219924299	0.2702237922776215	0.34321103249661405	-5.079607860014562
60	2018-03-25 18:55:27 585000	18:55	0.21832400154313186	0.2110154611626203	0.2146697313528761	0.3246499730792297	-6.340191745909891
61	2018-03-25 18:55:27 701000	18:55	0.23488808780588138	0.24087440257466058	0.23788124519027098	0.33334793569320353	-5.194428907734789
62	2018-03-25 18:55:27 830000	18:55	0.23488808780588138	0.28964222318174615	0.2622651554938138	0.3236633874109443	-6.48307369289725
63	2018-03-25 18:55:27 954000	18:55	0.24951314462072213	0.2557041559783794	0.25260865029955076	0.35330632095760073	-5.079607860014562
64	2018-03-25 18:55:28 066000	18:55	0.19219615962682976	0.19108411851099838	0.19164013906891408	0.35181030198416086	-6.6325146151384615
65	2018-03-25 18:55:28 194000	18:55	0.1388888888888889	0.1168412475673972	0.12786506822814303	0.352269737747347	-5.194428907734789
66	2018-03-25 18:55:28 320000	18:55	0.24211709905575113	0.2336824951347944	0.23789979709527276	0.34183849659650345	-5.194428907734789
67	2018-03-25 18:55:28 448000	18:55	0.292103118918493	0.2949955097939174	0.29354931435620524	0.34280668363604294	-6.48307369289725
68	2018-03-25 18:55:28 560000	18:55	0.3149797645528214	0.2336824951347944	0.2743311298438079	0.3344568351271982	-6.48307369289725
69	2018-03-25 18:55:28 691000	18:55	0.29361010975735174	0.24087440257466058	0.26724225616600616	0.32523134849954277	-6.48307369289725
70	2018-03-25 18:55:28 820000	18:55	0.23488808780588138	0.24806946917841693	0.24147877849214916	0.33622558397946206	-5.314545669944749
71	2018-03-25 18:55:28 931000	18:55	0.2807022876983124	0.2628928070266437	0.2717975473624781	0.3512748242558963	-5.194428907734789
72	2018-03-25 18:55:29 066000	18:55	0.23850259343081628	0.2336824951347944	0.23609254428280535	0.3627430567692626	-5.194428907734789
73	2018-03-25 18:55:29 194000	18:55	0.23850259343081628	0.2336824951347944	0.23609254428280535	0.3423109969530568	-5.194428907734789
74	2018-03-25 18:55:29 300000	18:55	0.25335270359176765	0.23727844885472751	0.24531557622324757	0.3414492137170273	-5.194428907734789
75	2018-03-25 18:55:29 425000	18:55	0.23488808780588138	0.24087440257466058	0.23788124519027098	0.34353530738480154	-5.194428907734789
76	2018-03-25 18:55:29 555000	18:55	0.23850259343081628	0.2557041559783794	0.24710337470459787	0.33344436552495577	-5.194428907734789
77	2018-03-25 18:55:29 681000	18:55	0.24951314462072213	0.2518868125783982	0.25069997859956017	0.34307509128602515	-5.079607860014562
78	2018-03-25 18:55:29 795000	18:55	0.23488808780588138	0.24087440257466058	0.23788124519027098	0.3343588696770971	-5.194428907734789
79	2018-03-25 18:55:29 929000	18:55	0.24951314462072213	0.2518868125783982	0.25069997859956017	0.32523134849954277	-5.079607860014562
80	2018-03-25 18:55:30 049000	18:55	0.23850259343081628	0.24806946917841693	0.24328603130461662	0.32523134849954277	-5.314545669944749
81	2018-03-25 18:55:30 165000	18:55	0.24211709905575113	0.2336824951347944	0.23789979709527276	0.33256330591690847	-5.194428907734789
82	2018-03-25 18:55:30 290000	18:55	0.2571922625628131	0.2657851979020681	0.26148873023244057	0.3244010503849448	-5.194428907734789
83	2018-03-25 18:55:30 416000	18:55	0.24211709905575113	0.2336824951347944	0.23789979709527276	0.33335087904902516	-5.194428907734789
84	2018-03-25 18:55:30 531000	18:55	0.23488808780588138	0.24087440257466058	0.23788124519027098	0.3340534144396029	-5.194428907734789
85	2018-03-25 18:55:30 657000	18:55	0.26424909878161656	0.24087440257466058	0.2525617506781386	0.324362574026664	-5.194428907734789
86	2018-03-25 18:55:30 785000	18:55	0.23488808780588138	0.2557041559783794	0.2452961218921304	0.3339955186453633	-5.194428907734789
87	2018-03-25 18:55:30 919000	18:55	0.29361010975735174	0.28214861759762744	0.28787936367748956	0.3345848515443576	-5.194428907734789
88	2018-03-25 18:55:31 025000	18:55	0.24951314462072213	0.24087440257466058	0.24519377359769134	0.3344348229960206	-5.079607860014562
89	2018-03-25 18:55:31 156000	18:55	0.24951314462072213	0.3131573012449295	0.2813352229328258	0.34382125471511915	-5.079607860014562
90	2018-03-25 18:55:31 282000	18:55	0.23529411764705882	0.2693811516220012	0.25233763463453	0.36361854491827866	-3.900493742381883
91	2018-03-25 18:55:31 396000	18:55	0.29361010975735174	0.24087440257466058	0.26724225616600616	0.3329853787787632	-6.48307369289725
92	2018-03-25 18:55:31 520000	18:55	0.26786360440655144	0.2978879006693419	0.28287575253794667	0.3343374647173105	-5.194428907734789
93	2018-03-25 18:55:31 651000	18:55	0.2850970508005519	0.2664887607465768	0.27579290577356436	0.34230745149006675	-5.194428907734789
94	2018-03-25 18:55:31 784000	18:55	0.23850259343081628	0.28964222318174615	0.2640724083062812	0.333440118537656	-6.48307369289725
95	2018-03-25 18:55:31 889000	18:55	0.2876301804462766	0.292103118918493	0.2898666496823848	0.3236633874109443	-6.48307369289725
96	2018-03-25 18:55:32 017000	18:55	0.2807022876983124	0.292103118918493	0.2864027033084027	0.3449804582416773	-6.48307369289725
97	2018-03-25 18:55:32 144000	18:55	0.25335270359176765	0.28214861759762744	0.26775066059469754	0.3344568351271982	-5.194428907734789
98	2018-03-25 18:55:32 257000	18:55	0.25335270359176765	0.23727844885472751	0.24531557622324757	0.3340924112781087	-5.194428907734789
99	2018-03-25 18:55:32 392000	18:55	0.23850259343081628	0.20631521493623017	0.22240890418352322	0.34389357093886014	-6.6325146151384615
100	2018-03-25 18:55:32 524000	18:55	0.23488808780588138	0.2532803652007522	0.2440842265033168	0.3602392180185974	-6.788974574438782
101	2018-03-25 18:55:32 632000	18:55	0.21832400154313186	0.20447218324294508	0.21139809239303847	0.3522822358808526	-6.48307369289725
102	2018-03-25 18:55:32 763000	18:55	0.24951314462072213	0.2487594069171465	0.24913627576893432	0.3512748242558963	-6.340191745909891
103	2018-03-25 18:55:32 889000	18:55	0.29361010975735174	0.292103118918493	0.29285661433792237	0.35080289035920453	-6.6325146151384615
104	2018-03-25 18:55:33 009000	18:55	0.3149797645528214	0.31008683647302115	0.3125333005129213	0.34389357093886014	-6.6325146151384615
105	2018-03-25 18:55:33 124000	18:55	0.3794323017289523	0.3505237427021916	0.36497802221557196	0.3532800026579586	-6.48307369289725
106	2018-03-25 18:55:33 248000	18:55	0.3794323017289523	0.3768510093300177	0.378141655529485	0.3420926930070513	-5.194428907734789
107	2018-03-25 18:55:33 376000	18:55	0.3547621232692877	0.33357947635520163	0.34417079981224463	0.2514240163313734	-6.48307369289725
108	2018-03-25 18:55:35 345000	18:55	0.3523649724724399	0.35233213170882205	0.352348552090631	0.3060863894018199	-7.4314079711725185
109	2018-03-25 18:55:35 473000	18:55	0.3874921291460643	0.39473684210526316	0.39111448562566375	0.29632534365595253	-4.864514437760505
110	2018-03-25 18:55:35 585000	18:55	0.3333333333333333	0.3312945782245396	0.33231395577893647	0.3159308190064703	-8.652541791114714
111	2018-03-25 18:55:35 713000	18:55	0.30637894071415156	0.3529412620251612	0.3296601013696564	0.305481915398619	-7.59464336859142
112	2018-03-25 18:55:35 841000	18:55	0.3333333333333333	0.3529412620251612	0.3431372976792473	0.3142481541968557	-10.304846468766016
113	2018-03-25 18:55:35 970000	18:55	0.3604127312396988	0.38847237299173903	0.3744425521157189	0.32408019686626593	-7.59464336859142
114	2018-03-25 18:55:36 080000	18:55	0.3553587813481308	0.37723691800736087	0.3662978496777458	0.34184279060308	-7.94347181059041
115	2018-03-25 18:55:36 210000	18:55	0.30597159483648995	0.37723691800736087	0.3416042564219254	0.33351223051908224	-6.48307369289725
116	2018-03-25 18:55:36 337000	18:55	0.3242058216857667	0.292103118918493	0.30815447030212983	0.3339312846815799	-6.6325146151384615
117	2018-03-25 18:55:36 449000	18:55	0.2978879006693419	0.31622776601683794	0.3070578333430899	0.3438389186397127	-6.6325146151384615
118	2018-03-25 18:55:36 577000	18:55	0.32662334100873636	0.32662334100873636	0.32662334100873636	0.3343845189034572	-5.314545669944749
119	2018-03-25 18:55:36 707000	18:55	0.3571921148297533	0.31008683647302115	0.33363947565138724	0.3335250885234933	-5.440332031005511
120	2018-03-25 18:55:36 823000	18:55	0.2978879006693419	0.3467323420120994	0.3223101213407207	0.3449599379677079	-5.314545669944749
121	2018-03-25 18:55:36 945000	18:55	0.34566186625242745	0.31008683647302115	0.3278743513627243	0.35420488707670456	-5.314545669944749
122	2018-03-25 18:55:37 072000	18:55	0.3149797645528214	0.3467323420120994	0.33085605328246037	0.33405170694510766	-5.194428907734789
123	2018-03-25 18:55:37 202000	18:55	0.3410955201203233	0.31189143077590264	0.32649347544811297	0.344118168004221	-5.314545669944749
124	2018-03-25 18:55:37 316000	18:55	0.3742697169310832	0.3430805738534929	0.35867514539228806	0.34350761923623296	-5.314545669944749
125	2018-03-25 18:55:37 441000	18:55	0.32830842531896226	0.3410955201203233	0.33470197271964275	0.3525113560999401	-3.990913098429786
126	2018-03-25 18:55:37 569000	18:55	0.3430805738534929	0.3131573012449295	0.3281189375492112	0.3633322274158647	-3.900493742381883
127	2018-03-25 18:55:37 681000	18:55	0.29361010975735174	0.34616890763041164	0.31988950869388166	0.34329686409013094	-5.314545669944749
128	2018-03-25 18:55:37 810000	18:55	0.32662334100873636	0.3131573012449295	0.3198903211268329	0.3530515883146455	-5.314545669944749
129	2018-03-25 18:55:37 940000	18:55	0.31189143077590264	0.292103118918493	0.30199727484719785	0.32456942287267637	-5.314545669944749
130	2018-03-25 18:55:38 073000	18:55	0.2807022876983124	0.24806946917841693	0.2643858784383647	0.33448405690251515	-5.314545669944749
131	2018-03-25 18:55:38 195000	18:55	0.31189143077590264	0.279078152825719	0.29548479180081083	0.34367799452186776	-5.314545669944749
132	2018-03-25 18:55:38 316000	18:55	0.31008683647302115	0.28964222318174615	0.29986452982738365	0.3445924002938752	-6.6325146151384615
133	2018-03-25 18:55:38 440000	18:55	0.31008683647302115	0.2832553219924299	0.2966710792327255	0.34342030038673943	-6.48307369289725
134	2018-03-25 18:55:38 556000	18:55	0.31008683647302115	0.31622776601683794	0.3131573012449296	0.31562843022688963	-6.48307369289725
135	2018-03-25 18:55:38 674000	18:55	0.31008683647302115	0.3131573012449295	0.31162206885897537	0.33448405690251515	-6.48307369289725
136	2018-03-25 18:55:38 803000	18:55	0.31008683647302115	0.3131573012449295	0.31162206885897537	0.32391119988154166	-6.48307369289725
137	2018-03-25 18:55:38 917000	18:55	0.31008683647302115	0.292103118918493	0.3010949776957571	0.3333654457820876	-6.6325146151384615
138	2018-03-25 18:55:39 040000	18:55	0.2845418466693579	0.2336824951347944	0.25911217090207617	0.32391119988154166	-5.314545669944749
139	2018-03-25 18:55:39 170000	18:55	0.3149797645528214	0.31622776601683794	0.3156037652848297	0.3333699478243811	-6.6325146151384615
140	2018-03-25 18:55:39 296000	18:55	0.3149797645528214	0.3131573012449295	0.3140685328988755	0.3344568351271982	-6.48307369289725
141	2018-03-25 18:55:39 409000	18:55	0.32297112073308687	0.3410955201203233	0.3320333204267051	0.34350330431716297	-5.440332031005511
142	2018-03-25 18:55:39 536000	18:55	0.31189143077590264	0.3467323420120994	0.329311886394001	0.3433013054871975	-6.48307369289725
143	2018-03-25 18:55:39 665000	18:55	0.2876301804462766	0.31008683647302115	0.2988585084596489	0.3344568351271982	-5.314545669944749
144	2018-03-25 18:55:39 779000	18:55	0.29942473580817114	0.3071475584169756	0.3032861471125734	0.32308972797947105	-6.6325146151384615
145	2018-03-25 18:55:39 906000	18:55	0.29361010975735174	0.279078152825719	0.28634413129153535	0.32391119988154166	-5.314545669944749
146	2018-03-25 18:55:40 033000	18:55	0.31008683647302115	0.31323027878410764	0.3116585576285644	0.32338564943592324	-6.48307369289725
147	2018-03-25 18:55:40 161000	18:55	0.2807022876983124	0.2859659609976086	0.2833341243479605	0.34350330431716297	-5.194428907734789
148	2018-03-25 18:55:40 273000	18:55	0.2828954962257003	0.2557041559783794	0.26929982610203984	0.35420488707670456	-5.314545669944749
149	2018-03-25 18:55:40 402000	18:55	0.3721042037676254	0.34875020002934626	0.3604272018984858	0.31521119774296946	-5.194428907734789
150	2018-03-25 18:55:40 528000	18:55	0.3746705608874931	0.3746705608874931	0.3746705608874931	0.3256585188493885	-6.48307369289725
151	2018-03-25 18:55:40 643000	18:55	0.4056792445347952	0.3742697169310832	0.38997448073293917	0.3346620980344213	-6.6325146151384615
152	2018-03-25 18:55:40 769000	18:55	0.4056792445347952	0.3797340545940409	0.39270664956441803	0.34444910169299975	-6.6325146151384615
153	2018-03-25 18:55:40 899000	18:55	0.29651742278276144	0.31008683647302115	0.30330212962789127	0.32523134849954277	-6.6325146151384615
154	2018-03-25 18:55:41 011000	18:55	0.32830842531896226	0.31008683647302115	0.31919763089599174	0.32499808718435874	-5.440332031005511
155	2018-03-25 18:55:41 138000	18:55	0.31189143077590264	0.292103118918493	0.30199727484719785	0.32499808718435874	-6.6325146151384615
156	2018-03-25 18:55:41 269000	18:55	0.28379062147523115	0.28964222318174615	0.28671642232848865	0.30617515431481246	-5.314545669944749
157	2018-03-25 18:55:41 393000	18:55	0.2707709174319611	0.295378269592824	0.2830745935123925	0.31562843022688963	-6.48307369289725
158	2018-03-25 18:55:41 507000	18:55	0.24211709905575113	0.31018891860054165	0.2761530088281464	0.3249544506206004	-6.6325146151384615
159	2018-03-25 18:55:41 632000	18:55	0.31008683647302115	0.31018891860054165	0.3101378775367814	0.3345757482551575	-7.765166018425333
160	2018-03-25 18:55:41 761000	18:55	0.2876301804462766	0.2832553219924299	0.28544275121935325	0.32366658462624165	-7.94347181059041
161	2018-03-25 18:55:41 876000	18:55	0.2978879006693419	0.31018891860054165	0.3040384096349418	0.32363061807110305	-7.94347181059041
162	2018-03-25 18:55:42 001000	18:55	0.3131573012449295	0.31323027878410764	0.3131937900145186	0.324840920544173	-7.94347181059041
163	2018-03-25 18:55:42 128000	18:55	0.2978879006693419	0.31622776601683794	0.3070578333430899	0.32475486093867323	-6.6325146151384615
164	2018-03-25 18:55:42 243000	18:55	0.3242058216857667	0.3467323420120994	0.3354690818489331	0.33620182112186786	-6.48307369289725
165	2018-03-25 18:55:42 369000	18:55	0.24087440257466058	0.24949920596716638	0.2451868042709135	0.33348367508576926	-7.94347181059041
166	2018-03-25 18:55:42 497000	18:55	0.24087440257466058	0.2352794372544048	0.2380769199145327	0.3352431234184989	-9.462322208025626
167	2018-03-25 18:55:42 626000	18:55	0.24087440257466058	0.2352794372544048	0.2380769199145327	0.32408019686626593	-6.6325146151384615
168	2018-03-25 18:55:42 738000	18:55	0.2657851979020681	0.24571804673358047	0.2557516223178243	0.3159096595587851	-7.94347181059041
169	2018-03-25 18:55:42 867000	18:55	0.2978879006693419	0.31323027878410764	0.30555908972672474	0.32408019686626593	-7.94347181059041
170	2018-03-25 18:55:42 996000	18:55	0.2978879006693419	0.31018891860054165	0.3040384096349418	0.33348367508576926	-7.765166018425333
171	2018-03-25 18:55:43 112000	18:55	0.2859659609976086	0.31018891860054165	0.29807743979907514	0.32507606229402414	-9.246112745563238
172	2018-03-25 18:55:43 236000	18:55	0.2807022876983124	0.33009677928182	0.3053995334900662	0.33469035776123796	-7.94347181059041
173	2018-03-25 18:55:43 365000	18:55	0.2693811516220012	0.2532803652007522	0.2613307584113767	0.3146830110575527	-7.94347181059041
174	2018-03-25 18:55:43 491000	18:55	0.2828954962257003	0.3071475584169756	0.29502152732133796	0.32408019686626593	-7.94347181059041
175	2018-03-25 18:55:43 602000	18:55	0.2807022876983124	0.3071475584169756	0.293924923057644	0.31412955365321293	-7.765166018425333
176	2018-03-25 18:55:43 733000	18:55	0.2707709174319611	0.31323027878410764	0.29200059810803436	0.33469035776123796	-7.94347181059041
177	2018-03-25 18:55:43 862000	18:55	0.2807022876983124	0.29251024638728507	0.28660626704279873	0.32563350779104683	-7.765166018425333
178	2018-03-25 18:55:43 975000	18:55	0.2845418466693579	0.2832553219924299	0.2838985843308939	0.36333661157600855	-7.94347181059041
179	2018-03-25 18:55:44 100000	18:55	0.2828954962257003	0.2859659609976086	0.28443072861165447	0.3344568351271982	-7.94347181059041
180	2018-03-25 18:55:44 233000	18:55	0.2876301804462766	0.31018891860054165	0.2989095495234091	0.3344568351271982	-7.765166018425333
181	2018-03-25 18:55:44 342000	18:55	0.28214861759762744	0.31018891860054165	0.29616876809908455	0.3428502022280363	-7.765166018425333
182	2018-03-25 18:55:44 471000	18:55	0.2859659609976086	0.31323027878410764	0.29959811989085816	0.3324284129061232	-7.765166018425333
183	2018-03-25 18:55:44 608000	18:55	0.31622776601683794	0.3131573012449295	0.31469253363088373	0.3334902805566462	-7.765166018425333
184	2018-03-25 18:55:44 723000	18:55	0.31622776601683794	0.3304093002275449	0.3233185331221914	0.3343845189034572	-7.94347181059041
185	2018-03-25 18:55:44 853000	18:55	0.3467323420120994	0.3268602252303067	0.33679628362120306	0.33348367508576926	-6.6325146151384615
186	2018-03-25 18:55:44 972000	18:55	0.32662334100873636	0.37723691800736087	0.3519301295080486	0.3443218659733185	-6.6325146151384615
187	2018-03-25 18:55:45 096000	18:55	0.31622776601683794	0.31860644549992073	0.31741710575837934	0.3420741221180216	-7.94347181059041
188	2018-03-25 18:55:45 208000	18:55	0.31008683647302115	0.276432802575278	0.2932598195241496	0.3244725367387404	-7.94347181059041
189	2018-03-25 18:55:45 337000	18:55	0.31622776601683794	0.31622776601683794	0.31622776601683794	0.3235561307298935	-7.94347181059041
190	2018-03-25 18:55:45 464000	18:55	0.343661877240191	0.28964222318174615	0.31665205021096854	0.3539310577082644	-6.788974574438782
191	2018-03-25 18:55:45 590000	18:55	0.31622776601683794	0.343661877240191	0.32994482162851446	0.3244725367387404	-6.48307369289725
192	2018-03-25 18:55:45 706000	18:55	0.343661877240191	0.31008683647302115	0.32687435685660604	0.3232076320687638	-7.94347181059041
193	2018-03-25 18:55:45 826000	18:55	0.3131573012449295	0.31008683647302115	0.31162206885897537	0.33448405690251515	-6.6325146151384615
194	2018-03-25 18:55:45 955000	18:55	0.3410955201203233	0.3131573012449295	0.3271264106826264	0.34421888461349975	-6.48307369289725
195	2018-03-25 18:55:46 066000	18:55	0.343661877240191	0.31323027878410764	0.3284460780121493	0.32617406547254624	-7.765166018425333
196	2018-03-25 18:55:46 194000	18:55	0.31622776601683794	0.31018891860054165	0.31320834230868977	0.3528067321058379	-7.765166018425333
197	2018-03-25 18:55:46 321000	18:55	0.22087812893109607	0.21706078553111482	0.21896945723110545	0.3528725134003778	-8.13010235415598
198	2018-03-25 18:55:46 433000	18:55	0.24087440257466058	0.2336824951347944	0.2372784488547275	0.34280668363604294	-5.314545669944749
199	2018-03-25 18:55:46 560000	18:55	0.24211709905575113	0.24949920596716638	0.24580815251145877	0.32338564943592324	-6.48307369289725
200	2018-03-25 18:55:46 688000	18:55	0.2859659609976086	0.31018891860054165	0.29807743979907514	0.34310027349307215	-7.765166018425333
201	2018-03-25 18:55:46 817000	18:55	0.31622776601683794	0.28214861759762744	0.29918819180723266	0.34367799452186776	-6.48307369289725
202	2018-03-25 18:55:46 933000	18:55	0.2571922625628131	0.2832553219924299	0.2702237922776215	0.3333699478243811	-6.48307369289725
203	2018-03-25 18:55:47 059000	18:55	0.29942473580817114	0.28214861759762744	0.29078667670289926	0.32386937961855544	-6.48307369289725
204	2018-03-25 18:55:47 185000	18:55	0.31806809832974015	0.31323027878410764	0.3156491885569239	0.3144579239694644	-7.765166018425333
205	2018-03-25 18:55:47 296000	18:55	0.2978879006693419	0.28021396180886393	0.2890509312391029	0.32408019686626593	-7.94347181059041
206	2018-03-25 18:55:47 424000	18:55	0.31622776601683794	0.28964222318174615	0.3029349945992921	0.3431047053489954	-7.94347181059041
207	2018-03-25 18:55:47 552000	18:55	0.31622776601683794	0.279078152825719	0.29765295942127845	0.3229963792533069	-6.6325146151384615
208	2018-03-25 18:55:47 680000	18:55	0.31622776601683794	0.3131573012449295	0.31469253363088373	0.33348367508576926	-7.765166018425333
209	2018-03-25 18:55:47 796000	18:55	0.343661877240191	0.34757066781809537	0.3456162725291432	0.3428330019356851	-6.6325146151384615
210	2018-03-25 18:55:47 921000	18:55	0.2876301804462766	0.24949920596716638	0.2685646932067215	0.32391119988154166	-5.194428907734789
211	2018-03-25 18:55:48 049000	18:55	0.2707709174319611	0.28214861759762744	0.2764597675147943	0.32391119988154166	-6.48307369289725
212	2018-03-25 18:55:48 162000	18:55	0.2693811516220012	0.2518868125783982	0.2606339821001997	0.3343845189034572	-6.48307369289725
213	2018-03-25 18:55:48 289000	18:55	0.2707709174319611	0.31018891860054165	0.2904799180162514	0.33448405690251515	-6.6325146151384615
214	2018-03-25 18:55:48 416000	18:55	0.23850259343081628	0.2859659609976086	0.26223427721421244	0.3443218659733185	-6.6325146151384615
215	2018-03-25 18:55:48 528000	18:55	0.2828954962257003	0.3131573012449295	0.2980263987353149	0.3344568351271982	-6.48307369289725
216	2018-03-25 18:55:48 659000	18:55	0.31008683647302115	0.31008683647302115	0.31008683647302115	0.3425759109114608	-6.6325146151384615
217	2018-03-25 18:55:48 785000	18:55	0.31622776601683794	0.3131573012449295	0.31469253363088373	0.33334793569320353	-6.48307369289725
218	2018-03-25 18:55:48 914000	18:55	0.31189143077590264	0.31323027878410764	0.31256085478000517	0.32523134849954277	-7.765166018425333
219	2018-03-25 18:55:49 028000	18:55	0.31806809832974015	0.26148818018424536	0.28977813925699275	0.324840920544173	-6.6325146151384615
220	2018-03-25 18:55:49 158000	18:55	0.26786360440655144	0.276432802575278	0.27214820349091473	0.3340473920260377	-6.6325146151384615
221	2018-03-25 18:55:49 285000	18:55	0.28379062147523115	0.23727844885472751	0.2605345351649793	0.35298558838959426	-5.314545669944749
222	2018-03-25 18:55:49 395000	18:55	0.3131573012449295	0.27947416275884407	0.29631573200188677	0.3531961326151497	-6.6325146151384615
223	2018-03-25 18:55:49 521000	18:55	0.3149797645528214	0.28214861759762744	0.2985641910752244	0.34384326684629674	-6.48307369289725
224	2018-03-25 18:55:49 650000	18:55	0.2571922625628131	0.24806946917841693	0.252630865870615	0.3441444576403863	-5.314545669944749
225	2018-03-25 18:55:49 777000	18:55	0.28214861759762744	0.24806946917841693	0.2651090433880222	0.3433177164006784	-6.6325146151384615
226	2018-03-25 18:55:49 910000	18:55	0.25335270359176765	0.24949920596716638	0.251425954779467	0.3625517061547446	-5.194428907734789
227	2018-03-25 18:55:50 020000	18:55	0.2949955097939174	0.31323027878410764	0.30411289428901256	0.352269737747347	-6.6325146151384615
228	2018-03-25 18:55:50 145000	18:55	0.24951314462072213	0.2532803652007522	0.25139675491073715	0.34367799452186776	-5.194428907734789
229	2018-03-25 18:55:50 257000	18:55	0.26786360440655144	0.28964222318174615	0.2787529137941488	0.352269737747347	-6.6325146151384615
230	2018-03-25 18:55:50 384000	18:55	0.31189143077590264	0.24806946917841693	0.27998044997715976	0.3517964671952263	-5.194428907734789
231	2018-03-25 18:55:50 513000	18:55	0.2807022876983124	0.2557041559783794	0.2682032218383459	0.3528124465878368	-5.194428907734789
232	2018-03-25 18:55:50 628000	18:55	0.2828954962257003	0.276432802575278	0.27966414940048917	0.34389357093886014	-6.6325146151384615
233	2018-03-25 18:55:50 755000	18:55	0.26424909878161656	0.31622776601683794	0.29023843239922725	0.3517964671952263	-5.314545669944749
234	2018-03-25 18:55:50 882000	18:55	0.2807022876983124	0.24806946917841693	0.2643858784383647	0.3531961326151497	-3.990913098429786
235	2018-03-25 18:55:51 012000	18:55	0.26424909878161656	0.2518868125783982	0.2580679556800074	0.3525113560999401	-3.990913098429786
236	2018-03-25 18:55:51 136000	18:55	0.31868871959954903	0.2807022876983124	0.2996955036489307	0.3531961326151497	-5.314545669944749
237	2018-03-25 18:55:51 251000	18:55	0.2843443597997745	0.23727844885472751	0.26081140432725103	0.333973220211831	-3.900493742381883
238	2018-03-25 18:55:51 380000	18:55	0.24951314462072213	0.24806946917841693	0.24879130689956952	0.3340473920260377	-2.6630007660671424
239	2018-03-25 18:55:51 492000	18:55	0.25335270359176765	0.24806946917841693	0.2507110863850923	0.32364731078312226	-2.6630007660671424
240	2018-03-25 18:55:51 623000	18:55	0.24951314462072213	0.24806946917841693	0.24879130689956952	0.33409023539502064	-2.6630007660671424
241	2018-03-25 18:55:51 749000	18:55	0.24951314462072213	0.2110154611626203	0.2302643028916712	0.34329686409013094	-5.440332031005511
242	2018-03-25 18:55:51 875000	18:55	0.25	0.19108411851099838	0.2205420592554992	0.3531649742236682	-3.990913098429786
243	2018-03-25 18:55:51 987000	18:55	0.29411764705882354	0.2628928070266437	0.2785052270427336	0.35399790626901817	-3.990913098429786
244	2018-03-25 18:55:52 115000	18:55	0.3149797645528214	0.31189143077590264	0.313435597664362	0.3340475742658989	-3.990913098429786
245	2018-03-25 18:55:52 245000	18:55	0.31189143077590264	0.29651742278276144	0.304204426779332	0.362956359395921	-5.314545669944749
246	2018-03-25 18:55:52 355000	18:55	0.3149797645528214	0.2949955097939174	0.3049876371733694	0.324042804451062	-5.314545669944749
247	2018-03-25 18:55:52 483000	18:55	0.31806809832974015	0.24806946917841693	0.2830687837540785	0.34280668363604294	-5.314545669944749
248	2018-03-25 18:55:52 613000	18:55	0.29361010975735174	0.2949955097939174	0.2943028097756346	0.3333699478243811	-5.314545669944749
249	2018-03-25 18:55:52 728000	18:55	0.3430805738534929	0.3237309501333119	0.3334057619934024	0.33424470518292	-3.900493742381883
250	2018-03-25 18:55:52 859000	18:55	0.2949955097939174	0.29361010975735174	0.2943028097756346	0.33282455569045566	-3.900493742381883
251	2018-03-25 18:55:52 986000	18:55	0.26715641180702626	0.2523613954823553	0.2597589036446908	0.3338589684578389	-4.96974072811031
252	2018-03-25 18:55:53 115000	18:55	0.3242058216857667	0.3055555555555556	0.31488068862066115	0.32338564943592324	-3.731396999160438
253	2018-03-25 18:55:53 227000	18:55	0.343661877240191	0.305085107923876	0.3243734925820335	0.3427499322162372	-3.814074834290352
254	2018-03-25 18:55:53 354000	18:55	0.29651742278276144	0.29361010975735174	0.2950637662700566	0.32446939203109054	-2.544804379813087
255	2018-03-25 18:55:53 472000	18:55	0.3547621232692877	0.3529412620251612	0.35385169264722444	0.32460180150080564	0.0
256	2018-03-25 18:55:53 584000	18:55	0.3328201177351375	0.4110541536602924	0.3719371356977149	0.2873462089550938	0.0
257	2018-03-25 18:55:53 713000	18:55	0.3242058216857667	0.32297112073308687	0.3235884712094268	0.31680440851507713	-6.48307369289725
258	2018-03-25 18:55:53 841000	18:55	0.26424365957257945	0.2978879006693419	0.2810657801209607	0.29592122521877373	-8.652541791114714
259	2018-03-25 18:55:53 954000	18:55	0.32387162103263195	0.3553587813481308	0.33961520119038136	0.2982810151486979	-10.304846468766016
260	2018-03-25 18:55:54 081000	18:55	0.32988411512494004	0.3608644914730274	0.3453743032989837	0.3242041634589201	-10.080597987542319
261	2018-03-25 18:55:54 212000	18:55	0.30637894071415156	0.30366582275446435	0.30502238173430796	0.3139459567140542	-11.07020257793937
262	2018-03-25 18:55:54 336000	18:55	0.32705599609089403	0.345928484937939	0.3364922405144165	0.32475252420931777	-11.3099324740202
263	2018-03-25 18:55:54 449000	18:55	0.32988411512494004	0.3032086372512131	0.3165463761880766	0.33178538277327707	-12.26477372789239
264	2018-03-25 18:55:54 577000	18:55	0.3032086372512131	0.3032086372512131	0.3032086372512131	0.3231792774626139	-12.01147838636544
265	2018-03-25 18:55:54 705000	18:55	0.2626128657194451	0.29065658392992416	0.27663472482468465	0.31688935398608353	-12.01147838636544
266	2018-03-25 18:55:54 820000	18:55	0.29694168822686245	0.29065658392992416	0.2937991360783933	0.3284849518484949	-10.40771131249005
267	2018-03-25 18:55:54 949000	18:55	0.31622776601683794	0.31622776601683794	0.31622776601683794	0.3251008922070102	-8.297144969836864
268	2018-03-25 18:55:55 077000	18:55	0.3087053138358001	0.26251151214901425	0.28560841299240713	0.32673605257566013	-8.13010235415598
269	2018-03-25 18:55:55 202000	18:55	0.2650854018430103	0.33357947635520163	0.299332439099106	0.3337259651753997	-6.981057406829791
270	2018-03-25 18:55:55 312000	18:55	0.31622776601683794	0.31405435355412825	0.3151410597854831	0.3265251424967011	-7.125016348901795
271	2018-03-25 18:55:55 443000	18:55	0.33586437448586365	0.3284354704859587	0.3321499224859112	0.3588166354613255	-7.125016348901795
272	2018-03-25 18:55:55 570000	18:55	0.3419175385318709	0.3016921834310232	0.32180486098144706	0.3325191340087017	-5.826342029555747
273	2018-03-25 18:55:55 682000	18:55	0.31622776601683794	0.26072500472698745	0.28847638537191267	0.34091715298214503	-6.981057406829791
274	2018-03-25 18:55:55 809000	18:55	0.29264061094811233	0.27363522730774703	0.2831379191279297	0.35263867359884526	-5.946863053973516
275	2018-03-25 18:55:55 938000	18:55	0.2668948795168779	0.2781572246623454	0.27252605208961167	0.32742620841153974	-5.826342029555747
276	2018-03-25 18:55:56 050000	18:55	0.33586437448586365	0.31535299873658207	0.3256086866112229	0.3400740571951715	-5.826342029555747
277	2018-03-25 18:55:56 178000	18:55	0.31405435355412825	0.2996257016633534	0.30684002760874085	0.3417239915833017	-5.710593137499643
278	2018-03-25 18:55:56 306000	18:55	0.33586437448586365	0.35179877236514595	0.3438315734255048	0.31703644542146975	-6.981057406829791
279	2018-03-25 18:55:56 433000	18:55	0.3419175385318709	0.31535299873658207	0.3286352686342265	0.34191382698678524	-5.826342029555747
280	2018-03-25 18:55:56 545000	18:55	0.3333333333333333	0.31405435355412825	0.32369384344373076	0.31752197203916505	-5.826342029555747
281	2018-03-25 18:55:56 673000	18:55	0.3419175385318709	0.30262874684312724	0.32227314268749907	0.3240647073987695	-5.946863053973516
282	2018-03-25 18:55:56 802000	18:55	0.3701166050988027	0.35179877236514595	0.3609576887319743	0.3358902288766269	-7.125016348901795
283	2018-03-25 18:55:56 914000	18:55	0.31622776601683794	0.29851115706299675	0.30736946153991734	0.30044821108279307	-4.573921259900857
284	2018-03-25 18:55:57 042000	18:55	0.3399584149700121	0.3701166050988027	0.3550375100344074	0.31002995487870577	-7.969610394321364
285	2018-03-25 18:55:57 169000	18:55	0.3225128703137763	0.29065658392992416	0.30658472712185025	0.318554400857588	-9.272601777200293
286	2018-03-25 18:55:57 297000	18:55	0.3786953523132209	0.38095238095238093	0.3798238666328009	0.309279189732853	-5.492324557127432
287	2018-03-25 18:55:57 413000	18:55	0.3041594030371916	0.3429971702850177	0.32357828666110466	0.33361139740554147	-12.171458208587467
288	2018-03-25 18:55:57 537000	18:55	0.3067859955389482	0.34668762264076824	0.32673680908985825	0.32526101747287606	-14.300277449185586
289	2018-03-25 18:55:57 666000	18:55	0.28456886041757007	0.32560281322045936	0.3050858368190147	0.31696865727722306	-13.495733280795804
290	2018-03-25 18:55:57 780000	18:55	0.2811306984328539	0.32520752512069284	0.30316911177677336	0.31689163818593813	-10.203973721731671
291	2018-03-25 18:55:57 908000	18:55	0.3641785203646149	0.3701166050988027	0.3671475627317088	0.3532667677087738	-9.272601777200293
292	2018-03-25 18:55:58 034000	18:55	0.3676073110469039	0.3701166050988027	0.36886195807285327	0.3247878834340718	-8.297144969836864
293	2018-03-25 18:55:58 147000	18:55	0.29047461653550305	0.27942454809496975	0.28494958231523637	0.32732003668691406	-8.47114463301483
294	2018-03-25 18:55:58 273000	18:55	0.2102353324910547	0.2767114301352826	0.24347338131316865	0.3325437337436704	-5.946863053973516
295	2018-03-25 18:55:58 401000	18:55	0.2381322242764817	0.2800964052936168	0.25911431478504926	0.33443014236719015	-4.763641690726189
296	2018-03-25 18:55:58 529000	18:55	0.21347047650771073	0.23727844885472751	0.22537446268121913	0.3606939265398705	-4.864514437760505
297	2018-03-25 18:55:58 644000	18:55	0.305085107923876	0.306420415705138	0.305752761814507	0.34234222115500895	-4.666858371438991
298	2018-03-25 18:55:58 769000	18:55	0.31838634237934677	0.31752794974596293	0.31795714606265485	0.3244406875294633	-4.763641690726189
299	2018-03-25 18:55:58 903000	18:55	0.31405435355412825	0.30597159483648995	0.3100129741953091	0.3429956233320225	-7.125016348901795
300	2018-03-25 18:55:59 009000	18:55	0.29264061094811233	0.33357947635520163	0.31311004365165696	0.31615875212519007	-6.981057406829791
301	2018-03-25 18:55:59 137000	18:55	0.29264061094811233	0.31838634237934677	0.3055134766637295	0.3522247815077176	-7.125016348901795
302	2018-03-25 18:55:59 265000	18:55	0.29065658392992416	0.33357947635520163	0.3121180301425629	0.3531764112920596	-6.981057406829791
303	2018-03-25 18:55:59 392000	18:55	0.29065658392992416	0.30366582275446435	0.29716120334219426	0.3611411652601326	-8.297144969836864
304	2018-03-25 18:55:59 504000	18:55	0.27942454809496975	0.2788125341864264	0.27911854114069806	0.3257874039884334	-8.13010235415598
305	2018-03-25 18:55:59 633000	18:55	0.27942454809496975	0.2788125341864264	0.27911854114069806	0.3237917186212349	-8.13010235415598
306	2018-03-25 18:55:59 761000	18:55	0.31622776601683794	0.3287979746107146	0.3225128703137763	0.33503972728014536	-8.297144969836864
307	2018-03-25 18:55:59 874000	18:55	0.31838634237934677	0.31838634237934677	0.31838634237934677	0.3257874039884334	-7.2750049578892515
308	2018-03-25 18:56:00 002000	18:56	0.3333333333333333	0.3312945782245396	0.33231395577893647	0.3243530719676607	-6.981057406829791
309	2018-03-25 18:56:00 130000	18:56	0.31407645648142984	0.3162203479667375	0.3151484022240837	0.3257874039884334	-8.297144969836864
310	2018-03-25 18:56:00 242000	18:56	0.3087053138358001	0.3312945782245396	0.31999994603016985	0.32632080622028675	-6.981057406829791
311	2018-03-25 18:56:00 368000	18:56	0.31838634237934677	0.33357947635520163	0.3259829093672742	0.3257874039884334	-5.946863053973516
312	2018-03-25 18:56:00 497000	18:56	0.2900491518372268	0.30597159483648995	0.29801037333685837	0.3256320834183989	-5.946863053973516
313	2018-03-25 18:56:00 627000	18:56	0.3087053138358001	0.3351155373249634	0.32191042558038174	0.3421298568079877	-5.946863053973516
314	2018-03-25 18:56:00 737000	18:56	0.3087053138358001	0.31535299873658207	0.3120291562861911	0.3339309674667876	-5.826342029555747
315	2018-03-25 18:56:00 867000	18:56	0.26430342040599236	0.27607881518711636	0.27019111779655436	0.40022400670202307	-7.125016348901795
316	2018-03-25 18:56:00 994000	18:56	0.29065658392992416	0.2617119612951069	0.27618427261251555	0.4272811444741236	-7.125016348901795
317	2018-03-25 18:56:01 107000	18:56	0.29065658392992416	0.29047461653550305	0.2905656002327136	0.4177875847078721	-7.2750049578892515
318	2018-03-25 18:56:01 239000	18:56	0.29065658392992416	0.3328201177351375	0.3117383508325308	0.38634896158364523	-7.125016348901795
319	2018-03-25 18:56:01 361000	18:56	0.33586437448586365	0.3328201177351375	0.33434224611050056	0.36862519942476635	-5.826342029555747
320	2018-03-25 18:56:01 490000	18:56	0.3333333333333333	0.33357947635520163	0.3334564048442675	0.31659639994919586	-8.297144969836864
321	2018-03-25 18:56:01 604000	18:56	0.3465834966066909	0.31405435355412825	0.3303189250804096	0.34114122576336725	-8.297144969836864
322	2018-03-25 18:56:01 730000	18:56	0.2626128657194451	0.31535299873658207	0.2889829322280136	0.34200613545983655	-7.125016348901795
323	2018-03-25 18:56:01 872000	18:56	0.29065658392992416	0.31752794974596293	0.30409226683794355	0.3171147540177148	-7.125016348901795
324	2018-03-25 18:56:01 978000	18:56	0.29065658392992416	0.28788315742461756	0.28926987067727084	0.36014045207247347	-8.13010235415598
325	2018-03-25 18:56:02 097000	18:56	0.29065658392992416	0.33586437448586365	0.3132604792078939	0.30138470155404784	-8.297144969836864
326	2018-03-25 18:56:02 227000	18:56	0.39865298867432697	0.40430377003131995	0.4014783793528235	0.24412106985939885	-5.492324557127432
327	2018-03-25 18:56:02 337000	18:56	0.3132782087446724	0.375	0.3441391043723362	0.23861337051265444	-6.709836807756915
328	2018-03-25 18:56:02 466000	18:56	0.32573117099222815	0.31838634237934677	0.32205875668578743	0.27257792761100047	-10.619655276155129
329	2018-03-25 18:56:02 596000	18:56	0.32191138998982527	0.3932198467846044	0.35756561838721485	0.2839316085101477	-13.172553423326889
330	2018-03-25 18:56:02 721000	18:56	0.35214260773428346	0.385544883095949	0.3688437454151162	0.25747498527275803	-13.172553423326889
331	2018-03-25 18:56:02 833000	18:56	0.3462296134790488	0.37659306718850755	0.3614113403337782	0.27429603319198775	-14.322719978203537
332	2018-03-25 18:56:02 963000	18:56	0.3576490805656692	0.4156707014636226	0.38665989101464593	0.23904307816653905	-13.172553423326889
333	2018-03-25 18:56:03 089000	18:56	0.3641205162218227	0.40961596025952024	0.38686823824067146	0.28460286044490873	-14.036243467926482
334	2018-03-25 18:56:03 201000	18:56	0.3632398323543515	0.38348249442368526	0.37336116338901837	0.2728916720829456	-13.172553423326889
335	2018-03-25 18:56:03 330000	18:56	0.3641205162218227	0.37659306718850755	0.3703567917051651	0.24120185880916586	-13.172553423326889
